{
  "project_info": {
    "project_number": "406806335006",
    "firebase_url": "https://strathcafe.firebaseio.com",
    "project_id": "strathcafe",
    "storage_bucket": "strathcafe.appspot.com"
  },
  "client": [
    {
      "client_info": {
        "mobilesdk_app_id": "1:406806335006:android:0dedaccc4181a7ad",
        "android_client_info": {
          "package_name": "strathcafe.strathcafe.com"
        }
      },
      "oauth_client": [
        {
          "client_id": "406806335006-mq0oa3s3l5a25obdpmn6876jegdh81n5.apps.googleusercontent.com",
          "client_type": 1,
          "android_info": {
            "package_name": "strathcafe.strathcafe.com",
            "certificate_hash": "0f8fd8d143c481781e69904f4c4243710eca1dd9"
          }
        },
        {
          "client_id": "406806335006-c0l06sl5gei394k8rtmpt5nh1be0oisj.apps.googleusercontent.com",
          "client_type": 3
        }
      ],
      "api_key": [
        {
          "current_key": "AIzaSyBVJpoJ3IxSF8Z-qWh3YVSJWIG-LCaZEmc"
        }
      ],
      "services": {
        "appinvite_service": {
          "other_platform_oauth_client": [
            {
              "client_id": "406806335006-c0l06sl5gei394k8rtmpt5nh1be0oisj.apps.googleusercontent.com",
              "client_type": 3
            }
          ]
        }
      }
    }
  ],
  "configuration_version": "1"
}